-1.35263842489,-1.72639199187,-3.55084915495
-1.9722732917663603,0.8212525595024818,-2.8144044749253383
-0.5956776382932324,-1.4543342509048869,-0.5307379385911979
1.7440139145494051,1.7270327197060233,0.49389829434095067
1.2716481308558174,2.178542085644885,0.8017363895392979
1.53048411072796,-0.8796815828713107,0.669405382383684
1.4904039118537094,1.0715598798276955,3.2471737263479143
0.8619255743813059,1.1016962298910322,1.868805403315577
1.0423996097554806,-2.7750849750670312,-1.891507482047723
-0.45980884416282486,0.5608400217528969,-1.351837497940845
2.525775655474978,-1.5671797406396355,0.07930900811534802
-0.12260383573273614,1.2749324577203465,-0.8013651584016754
-0.9371825096197747,0.4314973567052758,0.17610116889564223
5.360279558227311,0.2514205317742686,0.5444520986854222
6.148410131422052,0.016899331258664496,3.9355933037302155
-1.3702990461364561,-2.0087096045027524,3.1134431592497207
-2.8168134956872164,-0.6767199283533878,0.38948191963417284
-2.682680260820939,-2.9718809427585153,-1.1861577227913624
-3.6066798143549663,-2.947003752324861,-6.4209548891594235
-1.7832486888954888,-1.1002773282982354,-2.256655293664343
0.021754057545614547,-0.5812913984356172,-1.2838998770113779
-3.473395147675089,-1.891856514029887,-1.3756326684261013
-2.7193552435967585,-2.314723467512311,-2.8705229734142
-6.6263294256924095,-3.5848349278027656,-4.094065382351623
-2.610776221603823,-4.381372927361152,-8.382206258807251
-3.254291442988021,-3.0325904075702077,-10.16620210275457
-3.495234702286634,-1.840833341618045,-8.792575869432017
-5.675862544911256,-5.167339627413749,-10.268619501676863
-1.8488974168432786,-4.014748714545272,-12.802444438638442
-0.3858241577126824,-1.2180874119617193,-6.86750821170535
-0.5974899562676033,-4.2332502879319565,-4.87297090335913
3.3466044409101405,-0.7641195509665764,-0.6896367269545798
-0.981642945575987,-1.442060637407632,0.1125870752733713
-4.872024343861113,-1.8794553940089178,0.6678128338280899
-3.7157739236973466,-1.1202545739445608,-0.34552674319359244
-2.2742944338557933,1.4675485476193322,-2.213133906087942
-2.8607959858467664,-1.1127469427642431,-2.0980243635562275
-2.329016449571541,-1.317153014508864,-3.5182421398920067
-3.7355593166227825,0.45933109656913884,-3.355234552648301
-2.19453197892601,0.9728754824024963,-2.5217877018053216
-1.5044562348146862,0.33128325531633473,-1.872241218799354
-0.7727475944629187,2.253115326738805,-1.206260204103295
2.618790157210733,1.3512561382865065,1.3077349941450391
0.30846865517297783,0.49195408808263896,0.9698327807784155
-2.1880597204457253,-1.5195271992129684,0.9853977108659493
-1.908859197637043,-1.4414916075838669,-2.506135651947354
-0.8198537306493061,-3.432992287579904,-6.910019465314842
-0.6145349003997729,-1.2189465117500649,-8.237735934796358
-3.694298234741744,-0.8953147424776784,-5.5013899836677975
-0.6644428576402241,-0.3588429161914446,-6.891879208488755
2.6252361857591344,1.9063659625894933,-0.8151026671646884
-0.8639324322901367,1.9159566593457693,1.0518582734323645
-0.3424996218683148,-1.2100548712439427,-0.08494750378140503
1.1212118705271814,0.4198015890399932,3.6418868375916063
1.2096309082829169,3.368465336523394,5.831476015578228
-0.6639379582503753,3.139091910904252,1.6125799272169434
1.6930009653737794,3.7848680962465666,5.1348981065089285
1.4424113607864788,2.091751025431692,1.8310143605292035
2.1084483311670486,1.774929660651191,-0.09713976444464967
1.1388032784581186,0.2837207469008963,0.5271943950526661
1.4580250741506773,1.9823562754824102,2.7117324905209292
3.8752467016531997,2.9145246890967877,3.3824643025508196
2.1561953862647796,1.4639589060330795,7.076848773857646
-0.3458938750343905,1.2739022410024272,5.634128555315838
-2.4277936658792054,0.3218433360841122,-0.29977516542572413
-4.884678155180662,-2.272182917842854,-2.7351687136242693
-2.301613425768508,-0.5257288579550496,-7.381590692557095
-2.6773128988892623,0.9162642199019833,-0.9537447221904509
-0.7625919873952565,1.5787023080488092,-1.2611283643469273
4.403619801220497,1.4172579603042927,-3.6420011052533945
4.614206432156442,0.5939392469989847,1.8566066212829102
4.787549447546297,0.8948922444860276,4.603849903562929
0.9296932758547585,-0.8245851642177402,4.484549510957167
-0.8380463696394226,-0.07947016898506327,3.7434808708318243
1.6369350751482314,0.4110866644951888,4.219540679798612
-1.3762634884993794,-1.2487702615970597,2.041314927521263
-2.8104682424015457,-0.46109804317575365,-2.9126993393127356
-1.3899536369397032,-1.4131261406614666,-8.817676232118153
-1.1837486348693085,-2.3847654797833995,-8.183038666237923
-1.2437855544641514,-2.6711118261647093,-6.0170848300957775
-1.0466756543043587,0.6634540180850592,-3.8767062152085447
-3.4422114053759456,-2.532821187277182,-7.01678177398257
-5.024251270224329,-4.28668524366579,-3.9134568243007157
-5.638288701138104,-4.322236350281813,-4.8439619716527
-4.109296513836745,-2.3679225663898382,-6.5792363599911745
-5.1135966546605385,-0.5610946225075002,-6.204009050163367
-3.7492281422746148,-2.8824679183435387,-8.416136640059566
-0.776679434719306,-1.667560812891677,-4.9981442382369785
-1.3011448701746582,-0.6657187196128884,-1.5424429657076062
-2.288600050405246,-1.3503717589423052,-2.552491312029448
-3.2906314767540104,-1.2826945933573448,-4.929249336378593
-0.2757698539802622,-1.6631449540368293,-3.3297256685950076
-0.2767191981678735,-0.9710050839131368,-2.1432607960509396
0.8848772742489542,0.9665140027379021,-0.9334116908390525
-1.0939184924198933,-0.45274274667662673,-3.93216695376719
-1.8578894699980375,0.32708179579193025,-4.8360665900142905
-3.7849827255276582,-2.924006688196012,-2.8154261348394716
-3.0848632142140557,1.2179845652122427,-5.530094348523096
0.3623477434486708,-0.8890964629108417,-2.974469766661913
1.703332990138241,0.5945880049402252,-0.3806112813351279
1.9372546358379275,-0.05633201532071974,0.0806185847156845
2.0987336841945767,-0.29900140725643504,2.359003215763551
1.3179138614487365,-1.7802438652782866,1.631887310523892
2.6535024574740578,0.3507181143369604,-0.4141183300043767
-1.9110767224893286,-2.0577247262303855,-2.232686168872547
0.8379901425562182,1.9904463440714792,-0.025893535581021254
0.38006304958652104,2.2208596224682005,0.6424009125134541
3.3350512420219793,4.651365639220777,-0.7627876727916532
3.0540028549182976,3.966689115145921,4.60604987253808
0.6636751243098138,2.0024196049105436,3.9201961817009248
-2.2239316942246194,0.6394101753663304,3.3971840616836775
-1.3997766456423932,1.9605297193929292,3.195162346969593
-2.1859573617873274,1.908869949960318,-0.6738584345547352
-2.1445515670880546,2.4220451596137074,-0.7259889351279057
-1.749298616241234,-0.0796727212270496,-2.947319521783204
1.5249995838153376,1.068104021539327,-0.26935209549912553
2.6779143911249372,1.581373325457514,2.682096005899669
-3.3838531636499076,-1.5202045840615632,1.14094862976645
0.6820621492720114,-1.8660356394853315,-5.108076515861718
0.4631207881214857,1.5823543482101896,-3.8163782520849727
0.525902569451331,2.7976789756532856,-3.5144896634469855
-2.068714998708177,6.323011844578142,-1.1138047944522476
-1.0869862257075087,1.282637994683292,-6.817026492476447
1.1808888396879555,0.1851462238255659,-7.8663846940931785
3.085115837675062,2.8380776261530003,-3.668374962077156
1.4212040992733643,0.7677332679629236,0.3825616697550894
0.011236903956473698,1.543949478738421,0.48725827511711284
-1.7423305908797715,3.3479149057913373,0.020552217056317823
2.3572965051882626,2.152658399493913,-0.8068960693526204
0.47263156051328736,1.6319662145706826,4.034389769722819
-0.7487303940559669,3.8326148862827725,3.8158556558599606
1.4383822062247649,1.9816126578454591,2.7029060142692014
2.7562970621165457,1.3108984638657024,2.7183001868970678
-0.6805842149268031,1.191680301972877,3.835753294167187
0.4103688676606727,3.6470522791827746,4.7123605580536925
2.462393501495662,0.669765588576893,2.5963554023808575
0.2805135755821617,1.325823192328396,2.228189093783143
2.0994148462917663,2.3065082062668667,1.6115055290051243
0.7683560095340886,-0.3681622083852405,2.36915531037432
1.7795095976472401,-2.1736947693711284,3.477362699032688
1.2827887636397506,1.662475650736003,4.284617034568013
0.703559909780649,-0.7877566523943541,1.697532019722635
-1.1025378529798466,-1.1276370096421382,-0.6296682023834612
-1.3354401133602192,0.6445854771890657,-1.605047394964121
-4.934540752267625,-3.0188388699193607,-3.7100676819134812
1.4339979556669111,-3.1755556970385204,-4.911404899098502
-0.2259202784286889,-2.021056425537012,1.0363154652428825
-1.4815877564618085,-1.700204112808918,0.31349548451180004
-4.044611894641432,0.33635794923746387,1.1970447120095238
-2.736554027391854,1.2426983106258294,-1.361407324855748
0.784706311037227,-0.7028812231436745,0.9699738126678934
3.946316905545925,-0.13041474535060837,3.8362813431527965
0.8469344213628096,3.53710583738585,7.958121198619704
2.881393549559366,-3.0189963715632118,5.944909764443345
1.2976953401944393,-0.98544936798425,3.0031611004380387
1.3236807212548392,-0.046135275358458516,2.664158704379889
3.812089636149584,2.634450116743996,2.7109597204032108
2.56759934942205,0.5467441728887463,2.754929416739551
1.943650861877706,2.237897086293289,4.3405521074659905
0.3041234808488136,3.0024231294488555,3.3624066280594183
4.242891244009762,3.1514570070566057,5.627557471720819
4.211713459651834,1.4353800243083366,6.422320765691394
4.178172306056965,2.2468389168106477,6.782056236096446
2.7907389793093973,3.338286105405025,7.687511700408224
5.146911302678411,0.9825644897264152,3.479735330108357
4.343601859721316,0.41290997762041415,7.270596859287311
4.409199161624946,5.214851099821803,10.502342605629503
4.041832173091222,4.1653053664555415,9.962937457784328
3.1629845548541167,2.258974672408846,6.854239553097745
2.2557330827687094,2.803999455468337,3.8296637962936235
4.532888991928482,2.317921568280312,4.468282961503945
2.7465504556630203,-0.8045529278287191,4.658505405153768
2.202051259107137,0.15338708324914196,3.049453987394367
5.378481376023915,2.6263377857101484,4.305974283685177
1.6862669270248194,-0.549956414091461,4.949847423443092
2.0783435774116534,3.8202961171395793,7.388430478701245
5.202771287706975,2.628689452345035,7.777194078688973
3.1508717746693327,2.64380152745323,9.408358789208824
1.9659595247212032,4.454078285407649,10.330136773216733
1.9638932968936098,2.084419407343498,7.339130616188907
0.3100790709178163,0.9812149597447506,5.336770283852387
-2.3453341223529316,-3.3301609224660473,0.77890120112064
-2.0724068983913866,-2.3506139959938985,-3.1173952636920452
-3.2104533568153544,-3.181536413366498,-1.5013855921662258
-4.824883661668186,-2.756844264834399,-3.5112021790662005
-4.107011582337462,-0.6112762351819776,-4.563329569236842
-3.379887936704,-0.9240249413537484,-3.687952928359337
1.7234876172976228,2.8631334085811875,-0.6278758206582911
-1.378520644784468,1.5759795290305059,0.6062803216347401
-3.007209210187225,-0.9633469569468938,-0.32605226628521206
-2.51510218800298,-2.302852120330968,-1.1714815094104383
-1.9912547199329442,-1.5363952135005392,-5.283960048957325
0.2970349109140056,-2.0048957842264197,-2.529466039709669
0.06687981856548794,-1.6295562320800316,-1.4598407433312546
-5.824816010979662,-3.0041143014782477,-1.089429958732464
-4.77313852699006,-4.549220704121575,-4.173362693746001
-6.466819371174677,-3.125188066750569,-2.8696342056001556
-4.110517948847525,-0.36881000291522437,-5.25055832483954
0.32111693225839844,-1.2631386490373946,-4.761750866831988
-1.7286138685953305,-7.268593325647097,-5.13402046371326
-3.316851153295017,-2.7413994459196473,-5.366781863968703
-0.28223929985193275,1.2360979585970806,-2.139440894892637
-5.331268030392074,-1.0153162360021346,-2.036200727646113
-0.11776514099022917,1.5877857314874793,-5.94962544199059
1.9346450219435725,0.8635587497560019,-2.677740782072858
-0.5839077443735439,0.1355556051304162,-0.9563301275436507
2.2895008614394126,1.8017850376112252,1.4135837650175267
4.416633225809199,-0.18147878148826813,3.051766603083192
4.961992640864002,2.546941386616236,8.338486842893175
5.012488772116797,1.3218230794549388,7.882798806746352
2.810572085213401,1.8063848832432658,6.548644581597427
1.9482912878117173,0.5641725044595192,5.39382661147293
1.171625367607532,1.9087557700244424,3.4083430568516504
0.5362088063503512,-0.9701356426482972,1.7565321392027944
-0.036946871602330594,1.4294869671688686,2.463529873335645
-0.8349290941641606,1.7223585948042812,1.7535627734402506
1.1643666334974707,1.2010548113672985,0.7847786491154581
0.4845900495934917,-1.8373307919457078,2.863807541219477
0.2878912060252077,-0.9959769267895513,3.72695602896344
-3.219649480306892,-2.5026833209314945,2.033957384883016
0.3189103540303688,-1.4581167487186908,0.9493214100864895
-4.708027343392155,-0.08686945207989272,1.8886759388939758
-2.8244726738230836,-1.5904371830446387,-1.3003996837022087
-0.3713115690786055,0.2597429240573186,0.28153706775393106
-1.4823389927048853,-1.0130831264065516,-0.8689254658392062
-1.8649191226373056,-1.9753085548421898,-5.249213403047167
-3.4603642395930287,-1.37868837527423,-4.879953769064122
-4.75665876968565,-3.4081490929343787,-4.16661760978976
-2.926795276015222,-0.5091113975066801,-7.167051907525557
-1.3019336767753529,0.18256263687816732,-6.614324987939604
-5.446313778480454,-0.37252046897689495,-3.0177952676988893
-5.663686557755719,-0.7907506506893291,-4.254440515718983
-5.48045370611764,-2.5394322657583026,-5.258458345483722
-1.9140523957422604,0.11260512450801974,-5.329481147288278
1.093647736521453,0.7482405851417514,-0.5372685434881785
0.7381412112391372,2.4977646931284436,-0.7333777614194987
1.447521394768125,-0.248108211457867,4.592251170613525
4.332179487524578,3.6390823075928425,5.055104223845779
-0.9812913164981163,3.1743978320310666,5.594962453034763
0.8856594246491216,2.1518199682539425,3.3146165401578473
-2.228062244116474,3.8958156521324643,0.8020530191962381
2.13263873183293,0.6765574969965403,-0.008870166523868295
-1.286111505770157,-2.122947615915856,1.1171949169354027
-1.5688271385989436,-1.1900671518406158,0.04993781238938022
-3.0568200587612377,-2.3630824827102708,-6.891564256430148
-2.726309331807739,-1.3691100767009976,-6.963177319065105
-3.5589822807907154,-0.9969211987884212,-6.52707305844941
-4.884765571897848,-2.1612695769091825,-8.340830362040524
-3.2796475456845178,0.4771934499034778,-7.669799179780944
-1.6310599474364929,-1.2990247170972975,-5.380885918173214
-1.6515276667468088,3.2259625065944837,-1.6877749146902907
-0.8806987196330793,2.773358014456043,-1.9524341448650562
-5.281521960461843,-1.075533820268339,-1.022256545850059
-5.968716837476002,-0.5530728494070192,-5.396133222719292
-3.9462128158004592,-1.3223659838827175,-4.596310389513298
1.1766934990692448,3.0955491227501195,-0.37134498829476303
4.308904998849124,2.3060361826202733,-1.2833380956543055
5.784701711722374,2.295870994015333,4.24377260503082
3.3696952481469684,3.7241983106559693,5.932244452935305
3.149762938130623,3.380587362258386,5.871021469850515
3.0765559532439015,2.688924052010025,4.694732157420924
4.920299463391457,2.8215649802952782,5.911906156092206
4.60300654039787,2.474874631772131,7.203463396110924
1.712147870946917,1.9303045518316533,8.64297708055118
0.43701292380118784,-0.8608605398474622,8.897210081989211
0.7721864547406379,-3.4014791300339025,3.394495249486198
-2.617497877835141,-0.27818813370321016,-0.393787268265716
-0.8316538652120724,0.2729413379858041,0.004770313662482373
-0.7663529510404636,0.8124987056187345,-1.535739962295664
-1.890980379969288,-0.07540381828656223,0.3928699694483173
-1.7761742406059207,-0.03776434115044819,0.44165436383094714
-3.1773187590662575,-1.603220306485123,-0.3231202101410635
-5.113842636594503,-3.0532835099485887,-3.150191914704502
-5.111604007222132,-2.9737989062351415,-5.099531293567968
-6.0487639489165534,-2.487715470680054,-12.045948611355534
0.6517085783686287,0.5568949434673796,-5.581796359544553
0.553316932934426,2.6815280560057886,-2.2417438060193526
1.2940468144378172,0.7208067350867418,-5.684944099987254
-0.12602835229691667,0.33811581306567384,-1.6099742947390268
-2.0435931903483686,0.06959532321814345,-2.364145788384346
-3.7619172569792143,0.0472665123200095,-1.9704472888848512
-1.6732248097077058,0.7517823888321378,-2.032188417456524
-1.2545772047503925,-1.1257088220724198,-1.5785521699173533
2.631091339836419,1.5710617755903755,1.1131453515928493
1.861585368268964,-0.3922816418166344,2.4850173460854283
1.039564807572861,0.5449094077389085,0.3192141869143992
1.1007347217056636,-0.4753173890702843,-0.5604843522309384
4.793401798534036,0.37683125556635305,3.0739101704938805
3.779236734417667,2.444626570093495,3.1578781277431633
3.9171692475373643,3.3539002713015504,3.4141913993280606
4.3400934434080725,3.1131400268072786,5.288774077615291
0.5453298553496282,2.565642871248917,7.835967589873066
1.090296108146989,-1.7735391472949067,4.516869765160504
2.671913072758472,-1.3372958910870305,-1.621860457139463
3.317041407342342,0.022510250503260054,-2.117604595098079
1.7370509005266594,3.573197866878939,2.464785752533123
-1.0391697209083988,0.3215021696537894,-0.18824144889119498
1.4803016618199192,1.4670466894337906,-0.8767619962146682
-0.5479831395020778,-1.7654652017642105,0.7013820619027538
2.2015255752719716,-0.5846103232427061,-1.3863822264656425
5.145611405743218,1.2030252966067088,0.3040554380971976
3.646953111227412,-1.104771528137057,1.3327648789427489
4.00856378571532,3.24023265425848,4.616528244678231
0.7273126923853539,2.310282311658587,5.156335325826187
1.1498430522689989,0.8660255327145397,3.6580268638541624
3.0825214733330433,0.9398344921183175,4.773047346813849
6.246135630736402,-0.060596012470002236,3.897100493079453
3.802464197742527,-2.3307535412698,2.597994667238091
2.1769355378997006,-3.3872126663916466,4.478607322570976
0.11080813730855277,0.7984057201365627,1.2608482369540397
-2.4178725599777153,-1.6076641981222997,-0.006053504716404867
-1.9138474903780125,-0.16806341277329762,0.108697443307334
-1.836481148319666,-1.8960555977815432,-0.03652289635390704
-2.0361042445942963,-1.7273649543221277,-2.2055797805972706
-3.7833362424018677,-4.118138964525261,-4.689691170045631
-2.7918882830132503,-2.6227196420653907,-4.112090482876161
-3.636382121702373,-1.749126148607622,-7.710531564497776
-6.339601295981872,-3.380520183064827,-5.664190503737848
-4.992071576674083,-1.3678867844853921,-6.178328592557806
-5.348506026158562,-2.0165564429921146,-7.043786126570166
-3.105981335416761,-3.960143158793924,-5.718438188468516
-3.989406939499186,-4.352102171638597,-5.252200014883912
-5.8078332217769955,-1.2272267944618263,-7.30459291637656
-4.9479626748512215,-2.644991613642665,-8.206856813293488
-1.4837410159025146,-0.34635634373348556,-7.9388584768505455
0.6028652625333213,1.6412318009643192,-3.962989098985415
3.0845044858529995,2.4180193843751763,4.223334147355574
4.987731302717404,4.2545271444218695,3.8594640397982185
3.5687071660233167,0.3744299217386242,6.133760894725071
-0.2131722686275146,1.981178563020784,6.542747783460994
-0.9345483272399344,-0.812681907664756,0.6533743421997835
0.13195527339415547,-1.1910323462417878,0.09207928502380375
3.071409857722768,2.2116161438585937,-1.9293668197550022
2.885681733378313,1.3676118625645246,0.8338919654483377
0.750690567701461,-4.959570425677999,-1.4293625645355688
2.834165690911294,-3.5436344985155888,-2.4951588047590683
-3.4639667169988684,-1.8638883590641955,-2.110355089767879
-2.2631657846701505,-0.7011261831325704,-3.0364228573701277
1.3881761332919165,-4.54375078987332,-1.6001717406226623
0.7556952223067097,-2.1044129779634457,-3.6659005134408043
0.12918271961671202,-3.0199756482346882,-5.211206234825037
-6.0740808682389,-2.8329225712434107,-8.643931703172965
-3.5368353714305254,-10.23596677270491,-13.259600903753677
-2.15080641094385,-7.757672229005383,-10.888228228494668
-2.321340039408135,-0.8819701251046657,-5.813533832157551
0.5999114281074651,1.4325760863187746,-4.061793104169515
-2.980199913201317,-5.051659863304802,-8.25282808281309
-0.0854490323079915,-2.952161545985689,-10.83176203258786
-0.3888864734386178,-2.781636886113868,-1.458597095394497
0.15151057813309698,-1.3003732931260843,1.9122737767585898
-1.6682670232452506,0.8663300934674938,5.7777422406868615
-0.13764675362382517,3.884819448621742,5.217275518541562
-2.3701349120597612,0.1395028011834043,1.0572233446003083
3.498535967011034,0.7663552264365614,1.7047036891185348
3.3609335165300536,6.193040843334719,4.958545629981195
0.7972206664577741,3.5011662751541914,5.899741971222026
-5.894311297992095,1.019506078171829,-3.2038710495962874
-1.4394681018613606,-2.123548519941922,-3.519028422566152
-8.989168847777183,0.9022366164306412,-2.1512439062269713
-6.437264910415992,1.0543975784716997,-7.9072886717405515
-0.627995751666782,-6.3017298983971175,-15.349093420101443
-2.2859624668057,-2.56699011790698,-12.3767485047196
1.2663666814276584,-3.9738506825165354,-4.119603814653134
-2.616847811728417,-4.566111556814331,-7.751604746064647
-6.145349889454314,-4.171920764321726,-8.994294041107953
-5.518271561605359,0.5622241175332094,-5.636416259616523
5.765582320295406,4.869990978398481,4.857423098480226
8.797940691276246,1.8223559195669998,8.162514194823803
9.01880622768503,-0.15024718797445225,8.916716674681924
11.414711477950796,4.724258413207199,11.3197794946015
13.239569119595409,4.211074451722607,19.925959184521616
10.403628966227238,6.217809532661472,19.90257020868955
6.897278990613788,6.704248131049654,14.694910198439665
4.766283709507199,5.013006330492679,12.645024986656345
5.970120053019942,3.5428353377775017,11.548956467156131
3.1367961104097444,1.308789711530065,7.700122812033771
5.601115316476657,-2.411405928247271,5.7656335770848814
3.414732388603713,-7.3971537604307995,4.6284439299425415
2.1024080189820635,-1.4936784967278665,0.7919194859836853
-2.9890388122395155,6.494162324745483,-1.0439313399197343
2.9028268011541156,3.251227758025568,0.35764865331667206
1.4064647196870912,1.7091464554743172,-1.0479279035386324
6.9531612931198605,4.808592503778864,9.509712744752573
6.051950352800066,6.996500494002736,13.867026140922462
7.062418979613758,6.034553315343168,14.621229540305164
5.2579567344704845,-1.7661161392483815,6.210238153148925
2.230630375870687,1.812229998213385,9.822972662731937
3.612745356555207,0.20760812208675827,9.349032599670839
-0.6811729443345071,-0.6217286226862186,3.497857963513779
1.1525948492770925,-5.118194935177545,1.1632954385637952
-6.599031225617512,-1.7987044860313457,-3.4403312721725086
-4.9097627881674795,-7.824198394021065,-11.844681820974003
-4.046527242705112,-2.1491853422282885,-8.079320827885574
-5.3384840939819345,-5.294245029355077,-7.40040162021999
-7.111589532706127,-2.80346058417642,-12.599010480157983
-0.053011026393334326,-2.6107629020944128,-8.288937171547278
-0.23188839096095298,0.14442333573776356,-4.60985377789131
8.286012905546546,0.1790176513735503,4.041958314112615
7.341566058042479,8.565484818589164,7.792321372735717
3.377424881122254,7.010956027037485,9.169881343594446
3.811912087271328,11.621312936385774,4.819546503928939
5.425440866636464,7.873307760961815,8.969335910742426
3.6484682640792285,0.06469344171252622,7.314541360098968
0.17205599611110545,-6.36102615664309,4.96254760354544
-0.45287331503623773,-2.7614774420188235,-0.04900466610700516
-0.3324223383038525,-3.810620523801502,-0.28091019262346895
3.6325624528467153,-1.577605887775141,0.25149357025450003
0.8407138237111786,-4.795761372702982,0.5103411874551671
4.172948526398286,-3.7122275150821515,7.270320159947848
4.298891586652573,-5.83824793032025,5.848357387594772
8.163548524162776,-1.9628309834828257,6.922571289153767
4.632153402224576,0.516914651871707,13.048226304065672
4.832342947140898,1.1680156128156782,10.557375419148201
4.296611249049328,-0.32033662388222806,8.21845512865621
3.3151612282485923,3.38241309737434,14.143718630082002
1.5511586494508274,0.26188731111177255,6.2446387324341766
2.411941361058033,3.416133833381127,4.502920791678495
2.289954711074561,0.46499811680563474,-1.3676249789257326
0.9967966093364466,-1.2930525275944178,3.893815064195382
-1.5743433425259699,1.5431480213133475,-1.4019321536096307
0.6844519039242853,1.2583080158698854,-4.166653560524873
2.7972058338164274,1.621241758252372,-0.7096026375439505
-4.697376736315833,6.221013368107701,-2.4328685149637077
-2.1013172974253007,-3.1439849578130064,-1.321764962678544
-0.010445224929282348,1.8703862424098654,-3.162845534961246
0.2087659780873355,5.4949772590042265,3.6911063224407847
-3.274358485857618,6.090145151434883,3.9162395238595185
2.4054041948719354,5.980690919177355,6.593057937580838
2.3587391074118846,-2.7412311312083397,10.608580670196222
-2.086375759677909,-1.1898572116050579,3.2439760399988726
-1.8899528728600052,-3.0368067967552586,3.9914751748903514
-5.944872554403128,0.09963707440426517,-1.0406658292222597
-0.6461729610440239,2.5502239436691037,-4.760471566357376
2.7799556973771544,4.5331879607991805,-2.5690662275900626
1.5742936537044032,0.2188998789932426,-1.6400385591469386
-4.607873673153572,2.1094926185347767,-1.555809312010499
-0.38330415108967486,-0.7646606864545542,-1.078254865040079
-4.081894503443628,-1.574538101785005,-3.522419915947982
-0.6208918049353662,3.744626383640697,-1.1542294377136968
2.377012116171308,1.0548624493087866,3.2673484461514644
3.0064628223611427,-2.052166517623644,0.3749648984835532
1.5430435036409564,2.7135017182955177,-0.04480384411325877
6.509513952442677,5.0509697441768635,9.601597767906853
-0.2592462903144117,8.408604678285778,8.944726651521592
1.0585977736919083,1.709152758766317,6.516144794784768
-2.065095206437517,2.6378834101599606,1.7838694591068496
-7.471822517157702,-1.2851554451417682,-1.5804860070556117
-5.331149917728309,4.6323621543771125,-4.2113767337181205
-6.642004060896043,1.8186772352063276,-3.3309505256085497
-7.964369356637417,3.254551442971101,-4.040789098231168
-4.926748364026899,-4.635838314711613,-10.13091758346578
-4.481701171739449,-2.2734680929833098,-9.934778295956413
-0.7326274956809806,-1.3564839392288202,-8.088521866327396
4.722542597120549,-1.113404372413418,-6.828031059353723
2.556146638054795,-1.628939267504843,-6.091705591610438
4.226931949524417,7.981353634738772,9.281229208986655
5.815813043456083,0.8370683121887073,9.068505112773336
8.248894810601605,-1.4173542101889152,8.766665518911799
10.141234415984453,8.667610022164018,10.841264107452787
5.3837940561757875,9.16208570496003,14.351301640013336
4.68144475133813,2.504519525937402,10.829839972497084
2.137916966893596,-3.721228011412257,7.1925360630021355
-1.9440893072329843,3.395741795846626,1.4200469785296947
3.589742487638257,-0.240030266175276,4.164428737724949
5.989710749593679,0.7342700955765111,2.4204217342046617
-0.6288249499852525,-0.41028691866925016,0.3243818719074767
-4.565751573347064,-5.129781665125128,-4.303153256442539
-0.2581739067203248,-2.7983093704679924,-1.9733073979343412
-3.7796017084697224,-4.466964145851774,-7.600683245910565
-7.368209224375329,-3.3499474977191994,-8.480915342630173
-3.070999528937671,-2.9064678478612,-10.59882178894442
-2.597869424076756,2.9190852268608225,-5.484366138517981
-1.7340974434803584,2.0457321429500146,-6.409917241739139
2.992203336843948,2.292017551975573,1.6244539094448012
1.4623954933610976,-4.19072415353208,-0.6954185560553339
-4.927350808655675,-4.734772606115785,-8.23213785522727
0.5548765151693034,2.374392668293124,-7.725403938714377
-1.1860278894237248,-0.7689560143500496,-5.81093763991151
-2.3492531579934943,1.3549293968567357,-2.386234890421292
-1.9259501212187091,-3.746834491891028,-7.785752769273665
-6.0413451991577825,-0.642724471633199,-7.15594498957339
-0.6219472324395916,-3.1564621236514396,-8.57292123303207
3.5652409403325303,-1.5108522110187368,-1.541138941478572
-0.32167801182035993,-1.7475068971842105,-1.8885032751569355
-4.013378630816821,-2.2917691138125242,-5.91591328245017
0.8916579455634599,-5.829889003553323,-0.1478032689684623
1.2313130914820998,2.434644175405761,2.5464567970969645
11.837898399980926,11.350177461227558,10.38661412384832
10.58660447613304,12.955761097467349,15.268349705228333
10.827520585859562,0.7805389307023187,16.695864454232254
2.881902679354131,3.7564206995424883,15.868819601400055
3.412462936715232,1.2665919558637986,9.75849029352048
4.413121492640198,7.2483515715613756,6.559704071848442
-0.288455097472621,5.547149580877559,2.740976002909303
3.4370953894149845,3.8378189795610416,5.471352334141216
6.78777165030237,6.270610193372589,2.198494868643237
1.3939086356155928,-1.799229237877043,-1.152171114655892
2.059271851592164,0.5608343733495402,-1.0854230295182608
3.6674718875281624,-4.750805269658303,-1.418289377459301
-0.40192772980525615,6.902839846932652,4.737320190445431
0.6037691771089834,4.958722710214618,5.188194934761241
0.6724734673913364,3.1247846974636877,4.364732094810769
-2.58398404841287,6.560227979693281,1.0578546578282233
0.25726970442109914,1.5100067959535368,-0.05116011085369765
3.7479190955083785,1.9681436820044258,0.9032383418601806
5.307892953449448,2.8959150487571574,6.204656946519437
1.2878784887318941,1.0648814797581818,8.23507011866455
-0.586866366203553,1.9247535397918343,7.086157125738094
-3.6021770885826205,1.3941618730565954,0.3462895273642208
-1.125426165682996,-0.9105525441068668,2.1978876794415547
-0.8458011759816294,-2.1917135751984382,1.631911967907465
3.4741454882609126,1.5789682292918104,5.59488990392822
-1.034539072570495,3.6171864038811212,9.250404866071397
-0.9244372224857179,5.292135123308489,2.731513147440177
0.07939079560713802,2.8969251968104244,5.0386620767998975
-4.608097692233226,-5.1108710224475065,1.0118437758389125
-5.2145972034889265,-1.967111229856087,-7.623791532968002
-5.212434459531408,1.9602383587124093,-7.397453109172062
-7.346831274265281,4.242504782422789,-6.225658232491811
-7.994979247226972,2.038942177945797,-12.2674815015395
-4.568417682167781,-4.913896954399538,-19.631726189803913
-0.9549165455594912,3.6238789538295944,-6.9993512796540225
1.8970745598283973,5.336859552837101,-0.7701573235415613
5.146875913485653,12.276361436537531,9.901246997845979
1.156462147857046,3.3452192365774396,14.093965490464829
2.5745597186155664,6.9365705847751284,15.929474867090377
-5.13085826740876,0.9487034515880528,8.515388163479733
0.16124569350212337,2.262422286126146,7.722999358747682
1.1377392025601405,-1.987280625067589,4.618842333701344
-0.8969345461766528,-0.7520504322774237,4.106538074403641
0.27718912641040894,3.363971318164336,6.630768312628826
2.517243406470151,-1.8945329333768224,11.618371272913375
6.68006844922571,-4.519139816575882,10.372300179221137
5.7198734776747155,-6.281755400983272,8.261277238325832
-0.4003499417381682,7.247868079774048,9.486266100946668
2.9427737741661906,1.2535233025798544,1.8644378564169006
0.5897000575440017,-4.328003693711037,-2.514818293527801
-0.509181256719921,-4.058113571462615,-4.524374187842525
-2.6205749449086277,0.6575292531022006,-1.126866498773814
-1.4215969990457407,-0.47211890187963135,1.61875354551541
0.8681013378670793,0.16721950951770115,-0.4327497632754088
3.4123703230726283,6.115870139585403,5.531138112516134
2.367835019088799,2.1524193409427936,6.6720561972740935
4.0430374705341325,6.172871306761215,4.587222452470876
-0.22054818493204786,3.946937123979837,1.6964276586272629
4.5674130439757485,-0.6187415270919943,-2.867571734839208
-1.2433074300343248,5.667416956179947,-0.17078919621898825
-1.3641911769470934,-3.0195924419748974,-3.5374532043736626
-1.445330359714432,-7.705387912659974,-2.5718765412357483
2.082943388431365,-1.575906797233447,-4.132117850209581
0.220274188717678,-4.179224415647185,3.4351378109393753
-3.913248325327965,-5.814917912386381,0.7609274831008732
-4.6821870182934475,0.9247073134710382,1.070930458021584
1.8446673426189473,-5.1076921317693476,2.711572027340876
-0.37725747930188264,-3.049863397922584,-0.415777894056939
3.7717789601076,-0.3898975288085432,-1.577524864052713
3.521277527708425,-1.7468164812115128,1.9539140603998453
1.4583358157637267,-1.0158808963037724,-1.5891402264061498
-0.4900132387615105,2.2988579423956503,1.0604705123119715
1.320928125212345,1.853814566250009,1.9451800721085541
2.442620873348951,-0.26384840788355857,3.2898229174860765
1.0998940410764488,1.5595995356556072,1.5226286224751453
-0.27341004182778095,3.9859251211245965,2.5785908689980497
0.4278149669431556,-1.0549342185150432,0.15956817143120783
0.322452819224495,-0.4779472642704265,1.8103110600651426
1.820750998234778,-0.2049450322605843,3.7247539331643136
-0.9354969447638017,-7.761657417181484,1.8332810116114415
-1.9381808223987909,-4.518953703157894,-7.352618462590311
-5.426315424162379,-6.55223723601827,-12.970857016457382
-7.853893612723637,-14.083517389484966,-15.822964561297082
-3.302326742784734,-5.0757045355176285,-9.08833190480982
-4.157642156939272,-3.274147478091277,-10.648362736388219
-3.0630373886123863,-5.740431428500456,-3.2611677057153994
-4.1024181311018575,3.863136111789071,-2.215504119368009
-3.8625047596753483,-5.51312083844669,-6.5718026050835086
-0.7922073214796232,-10.898720371177722,-3.225844209536316
-0.6851918189389445,-6.005300978467727,-2.8009783023831067
-5.56433993072769,-3.307552042444186,-4.7175168312984175
2.959733733539303,2.762683413307623,-3.3676845731663403
10.018029397758323,13.29665595251206,10.415669424884392
4.639958174325329,4.816389782897559,10.002612484466704
6.49485359156803,-2.9164624921196864,11.051087579698653
1.4486457439984464,-4.090912632245767,8.107143322672488
3.895909758060048,-1.454172065204653,3.9415815912879273
-2.0542278416248325,0.9079201137905942,6.5332729535271445
-2.8835827523091297,-5.1102821726154755,0.12165237854583033
-5.534962343539794,-0.4734254874450725,-7.439611201257037
-2.7694103981416767,3.8615643435234173,-1.6012192261666813
1.0901691972203178,4.53496409243029,1.1819085376588006
-1.0324033361853004,0.5033029239444098,-0.462758793470333
-1.147868893396813,-3.4840446199679134,-0.9040261431794591
0.47371450879910304,0.29973805620128746,-3.1645171414824222
-3.7834648780161344,0.34302396292406223,-3.510736747399205
-1.8884442515349906,1.4018603913746959,-5.240378128354954
-4.0396204515433665,1.2099704388447492,-7.1265347117612645
-3.445610490800581,-2.00688095776969,-12.60214608165817
-0.9012414648569338,2.9724424816826844,-5.040743643328215
-1.7409267169431524,3.6928659787238223,-1.8877398866060127
1.803008649435773,1.075573981960554,0.06922024233766821
0.7178220110358163,1.7788569110273744,4.284612461212098
4.47124625852464,-2.7621677496110397,1.5731198310131613
0.6055295479013738,-2.9070671327581357,2.3311117995155355
-8.071083518559254,-6.281114925954314,-3.2656064190360907
-1.336199046441462,-4.171810000693062,-9.495580402392568
1.0029439347481957,3.8734458087722046,0.26754668199554743
-0.2005260890708771,2.2925947756331735,0.1990576338733161
3.334408586142283,-0.8848130601903949,1.6204689715418454
2.190915808873476,-7.674497004928415,3.508092062322992
-8.132572699615869,3.54330367639945,-2.02104952858045
-1.284139325141337,-0.6181362843046359,-2.3316027502476673
-1.878989862770404,-4.799086418929104,-2.798691191256729
-0.12623475558319264,-2.787134275185561,-1.3558078321066596
1.66309419356947,1.6398702299094423,3.8744196536281326
2.2703681223604755,3.208842866439138,10.381699605786714
6.526763462320579,3.1568496079810657,7.714720133759258
8.799866659603016,0.6802836894550428,5.801004147360532
6.416996317328923,2.713796881677472,8.014550212973809
8.683561659663287,-2.6797311824403005,11.939832525288782
9.846869950144203,1.0085902225801653,11.754332577099316
3.8869724374949257,-0.8878387425719874,7.201101820860821
-2.2569891697886995,-5.757473254050989,-1.8403041323750804
0.3596928633846801,-5.428041487706043,-6.135094257354119
-4.084559912097947,-1.9124501794793771,-5.0391090943179675
-0.45454209958805825,2.73510516550178,-3.83409650359716
4.637623749337346,2.3288905957511274,4.197128672807201
-0.34524515298399994,6.44282429742926,3.506036234236798
-1.6915037383183344,-2.1403194698289285,-3.092734426473822
4.675499459339645,0.5276597012055997,0.34959603191229727
1.1530514280078097,-1.5808407904021409,-0.797965388277829
2.010780499902439,-0.8938406091229508,1.7029177491541976
-6.1019642375300585,-0.03765537860034762,0.12827106623355133
-3.808520954298583,-3.657530502266713,-7.543427221045926
3.9847929965540754,-5.647952931700329,-4.480677578314502
1.1379572896107373,2.7225894119492584,-0.23843300852283966
1.8964068635593185,3.36092143939602,6.279488064709023
1.7400470748454295,-2.3461051207127293,9.914193767756519
-3.582456552346841,-2.6601974597550457,4.358643971228622
-5.980964855474677,-6.497689505233009,-6.059187216644645
2.661676526566559,-5.196631433511714,-1.703866346490515
2.303580794588613,-3.296601638890341,-5.593001201469631
-5.54879368202035,-1.8180722463190677,-9.749649949059863
-0.19326059349484925,-3.7223023459767908,-4.1075669340933025
2.113266278318847,3.864629523941262,-2.051268737296439
2.7638271252722104,1.3539174155588565,-4.1211353562012585
-1.2991084020210624,-1.1983905214886201,-2.7244260487186143
-0.582128777110764,-4.491991475089727,-2.2431455248824035
0.5881556774969303,0.9738773455399015,0.8099703586352103
3.906944596403803,1.0397258785171324,0.26828773451433374
6.145328864493557,-5.176317464664121,7.2552574607396565
1.4687126734069085,-1.9101485954736526,-0.031055104224726904
-0.7374478576083616,-7.279226636293063,-1.7439481787856643
-1.8981496437475427,-2.794053191801398,-0.38925509755975174
-2.147812501586855,-4.110902941160148,-1.922475153695971
1.224308485133446,0.03269050905955906,0.20328598097241368
1.97522141918308,3.5401144520920442,2.2548442676803795
1.509651578464818,-0.9433066670914312,1.4972421441128736
5.796811367609928,-4.832194944237038,5.172445715903866
-1.6945926960734488,0.6893699000964846,2.0455632194115054
-2.873834177979858,2.476676257166151,3.54824731323247
0.1422951176101881,-3.010052149461133,1.4139817915510635
-4.160162359300758,-6.908608205212134,-5.038406695267306
-0.6413857580163005,2.248098094121981,-2.199410885155615
-1.868097674570835,1.4455536922988959,1.6630760474823705
1.8428264437994084,5.349791066006812,0.22312208961565472
8.663224938590423,4.173706214462028,-2.0673954046926233
6.958145104847182,7.7874637101896385,7.080919556219351
13.211732250980678,2.8899067073253266,6.966401195180991
8.779458813274157,6.189884852234419,8.386003807663226
2.460155371568411,0.0020706927448248535,8.997882307308053
-4.899741670748888,-1.0801771405059848,2.4839319016878214
1.513261367513104,-7.6466105744448996,-2.488223837044832
0.153854370670365,-12.276841140209505,-0.3087829199337415
-4.646408885449702,7.840965334271949,1.5823805335805354
13.875782034494629,-1.5784610677980364,3.395001260707226
8.671241628910341,-2.71482928831752,23.13594740614603
16.83898793338967,-5.913002981392994,6.586908042364918
5.479097454850957,0.31201893687093685,9.091101629287618
2.173668666335494,4.107313709621351,14.251723354230517
12.0452602715277,-0.39760522762077155,7.3073237784151575
15.73537694800725,-0.606493488166592,8.689569403802535
5.061262454760629,-9.89356271428182,10.313342870491937
1.850132425062692,0.7814927351669718,11.689857291340335
8.13847677524844,6.005175819175108,4.5772355511497835
1.8736420065474135,2.5296547970489467,-2.196370956326593
-0.6206940357871125,2.270629166970723,3.216164097752391
0.7652506382220622,8.869609777847538,-2.8544938256498935
5.539751326690622,4.878262352482258,-1.4519211285464644
6.414607640712553,2.3845529092975535,12.203323163151019
8.430057724327554,7.533661471824656,9.665629972718214
11.889935171591933,5.200778535941202,10.074378724228524
-5.5934426370367305,1.7379257109773056,9.978705592787094
-5.5730857550608155,-4.315886240853282,2.1045215793186265
-11.912819204282238,-6.401113015177172,-8.005094463388033
-3.268763909260418,-6.7787821895314835,-18.05160141422936
6.872181653811727,3.117739741591432,3.5329809135894124
-4.122183758825582,7.031534782289073,13.439027025178795
-0.08997723134456526,-6.763082666875118,-4.123272541605676
-4.480174030814716,-6.617303140563195,7.99459851922702
-12.78584506919522,-0.9232192622428168,-7.939143134781384
-6.940597492190647,0.5976530483004416,-13.563129272903714
10.221771082215138,11.857705081267635,-8.070245145868714
8.145426483763613,8.69340860637805,0.3463725019621462
8.201997160416575,13.018349478446444,10.40791507466106
3.8089099185340656,12.907739000059445,13.141005762094299
1.116672423588669,4.836858236742942,10.91295505200346
18.7131122642425,14.704868259446322,10.89342937279029
31.438245611503415,21.054564903984307,19.82160060868863
25.755772278996048,13.247504094982933,31.706751428091636
19.3609588895232,11.497596877202703,36.275884482962155
19.874223563234274,5.3419351750919954,29.432705389974775
17.754005575609277,0.18370465684735482,29.245441447177253
2.2273677067438893,-0.43364428224299134,25.727341213317423
3.713751147074535,-2.978794351719508,9.65596915289657
9.46862162879301,6.867079196576629,11.222019335927655
7.614348252736434,8.285490767183223,4.0141674608465525
19.295064786018727,8.939202212489757,1.9249554153143196
7.91714145754442,3.88058137440336,8.835459003291557
13.104588408055148,2.2549825872405136,11.17569174846204
13.50487408774164,1.0444978983341868,6.237931488278713
10.473233504255514,-2.648102474008758,23.44162597929355
13.63135035335289,3.1193012862597023,8.484057724283662
6.299587957209601,4.253231126725347,17.590282133965392
18.469188308727528,5.427478588549043,18.864195350385273
16.61737482608521,15.493192452485415,18.801908392662625
4.166957285380592,7.0467548366181445,16.84766269959502
18.120551318711314,9.265574285048206,21.351837465083936
16.62476411643605,4.153225628429469,23.32855194427626
11.67617620416378,6.987424597172534,24.46123278619549
12.680256219595817,3.645743755506814,23.063868805921224
11.207230976975787,3.102149419261326,16.594627220417838
7.207608924411145,2.297361183857022,19.50644184218047
13.638573040561319,4.016568727595195,11.468728901533446
1.9195327419480916,-2.337524246078236,16.574818418438102
10.16998508283254,4.9197759478496215,13.857801108734016
4.583142422034334,-0.9489255447707166,8.41634280917517
3.9728452756566304,-1.1244213690690608,3.9467082858697635
-3.4631194154491025,0.3961684720732943,-2.057456032249572
-1.1314033000624972,3.341430262320582,-4.638612205991794
-5.840815537352151,1.6198020169124767,-5.873856592517534
-8.249308655827319,-0.61936961204941,-3.735281604922259
4.601672735532554,-8.39543900476207,0.33228455359768727
-6.160920338165217,-6.392608939655451,-1.8009064655074234
-1.7853025859905896,-1.993016024373381,4.509513336766454
2.5211804954465364,5.3849744390333,-4.046596443924726
-2.325593571208909,-6.328731717601955,1.0094089285934456
-3.53230064981381,-7.791105886228779,-0.1509858202897858
-4.866586316727894,4.9003313217579185,1.2938786066667087
0.6558546173818383,7.25320420605631,3.1854563725347758
-1.8198562139742784,5.38412300310328,4.071689602212305
-5.732860847293802,11.332795509930541,11.19303733926298
-11.621779565996125,-1.4342137876897887,9.787980248543661
-2.5612582196548495,1.0712211891768448,-5.89111594698561
8.563223834525019,3.1474785292636915,4.9390464257651505
4.023656884748756,-3.377382089634515,-1.5434390679067054
12.383860735136196,7.525691215983539,1.5681300091602794
14.564301655363536,8.615223309095802,10.061427259492119
2.6737395656710587,6.236027041832424,7.665969643052956
6.117755403323522,2.884850917232119,-2.2255759785903333
18.374872765739937,-0.3109752612509382,8.163637999744921
13.973457712999343,-4.468474322223754,12.881784650117158
1.2456841385095743,7.243527562956782,9.572992819456058
-1.276399952940372,-0.8468213136607168,1.049546156953852
4.345743721394383,1.2804156110334841,-0.029658183600871912
5.52987831969818,2.071704116110003,2.519833643166719
3.2480408762587576,-2.552790474269078,3.95869793274467
5.502702931749864,-1.202386579522706,1.959474486261632
2.900729032563453,12.92094667437143,4.1990896360324115
5.252310084836631,-0.1998523979441913,8.356146096540803
-2.680385799910516,2.311232709774068,14.96287311285404
3.701850432062766,0.9202310243952075,4.974823706708419
-1.3955416514157264,6.322094924347067,-5.688092963620761
-7.18831370767964,3.081547763041428,-0.8861693224985583
-0.27923850102127945,4.437512392654055,-3.1271608121414993
4.557917014432973,-1.124614281436361,11.356627449740003
5.0279015914116965,0.274691459204253,13.595918793587906
-5.29773930188505,-4.093814043868052,2.5397659324393027
3.3703695586162246,8.032491701950496,5.815015234352316
9.579128474211831,13.071944543755114,-0.9848953357474146
12.69196413645357,9.626190407030256,10.31012850252543
1.3488747313183023,3.8657683712654305,17.359351243944865
4.736115867528101,3.0745940246995853,8.891292921226723
4.1317098472714395,4.169977256349744,8.368554087283378
-0.7550799227284415,3.874538883719655,15.52064339743476
1.9807726454120802,13.237312812439587,9.491087604674911
6.64160432318962,12.15968114445194,12.77395090816816
10.816209178413764,2.205871862159321,14.23933109267002
4.923893169008726,-0.3909448431922202,3.635659300211419
-3.0872313143401717,-2.120782633354245,-4.258374219658546
-2.615579783229175,1.9714659126461642,-0.3475897323493182
2.4174506531399143,-1.1796981212137205,-8.081245636853648
-1.1592660173347669,-2.9972571792823843,-4.329524425850597
-6.486176574880606,1.8354660684283808,0.030665485868806908
-8.700395515658522,-8.682534671451815,-1.6252053832370046
-4.290866293080563,-7.08334007741537,-14.283513325350672
-4.526613717520658,-0.965665441058702,-4.3177070443396754
-3.440456887510181,1.2697884420610837,-7.47216258279919
-7.70156032806953,-5.764538650906266,5.383388455678839
3.6898736085091404,-2.483934092899957,2.2869513938665893
9.671746557042397,-1.4480874605926501,-0.0697272881803972
15.729695030665088,1.895931068454421,-2.4711076972151664
6.217128867599695,5.176444786910069,14.77336854183677
13.342956100769618,4.0011606511418485,10.92234531463146
21.26411952401852,12.318288068154619,8.37051396241991
7.961653733071337,13.771940098343983,15.725568036719206
7.422837147553101,9.149637922125578,22.762121126540062
21.864655752639976,9.415077834186334,13.799159039076656
7.9731845126744885,3.782673810391687,15.070229341494262
-0.9958034265338673,1.3526232000811387,22.924096509395202
-5.165939185502288,-0.6210975287281193,12.692503824212146
-3.5799942594010994,3.092554189669978,-7.469846581318494
-5.23521945359139,7.480304570068103,1.512855387760391
16.30145500767699,1.9996151648886304,6.511758296744272
6.179706663805801,10.44098787463507,10.787093118923766
5.23711380578883,9.403422676118549,5.636862310856269
3.4942823198340474,-4.2339384202124695,6.6952524048483175
-0.4468127097551664,-10.161299331690547,-1.3350673713355743
2.4643155882749093,-8.983146100157155,-7.912318865052814
3.6027350000465024,-2.583000177247221,-14.303666885909859
3.698591120875334,-2.4455747729856903,1.5803922958260088
0.9957691668332265,-4.07819543524092,6.439338763504855
-4.819960139604292,-0.0675216208337528,1.5679841706409825
-0.28102278739929387,-0.5482905260511928,-6.748951971762508
-10.98558635708385,3.0485894527172737,3.268792274253378
-7.7280817516733675,-2.7763775753258035,-2.614556379244167
-13.703598122483903,-13.151351164784323,1.8557888998045051
-14.046624529511066,-3.782035668634033,-3.1757638778656876
-14.718525984265451,-6.293554003277223,-14.78111658392994
-12.237281709580895,-9.760836218825919,-23.22159195515773
-9.646044267131677,-9.820488764844125,-17.41591989249569
-11.289058856543003,-4.083037107610771,-16.018792046826434
-7.626324558655863,-4.118108141953729,-12.45043604440237
-6.75308913027084,-15.062792831205797,-12.264218869736506
-9.41834433661056,-7.16380454566745,-16.482732970030398
-15.790867606276565,-2.4766420974962484,-17.991329754167108
-12.127444604687053,-4.922359857224549,-18.55730698610887
-18.699194313791537,-7.369993586723286,-21.994675846214566
-16.041109106064866,0.6914153732222186,-23.011098657439803
-6.799633826377134,-5.217750520309988,-13.876772825910523
-0.09125954635977784,-1.7309061739843157,-10.595857718046547
-3.9112238596733593,-5.961586254744724,-7.163153867521158
-11.88307416714106,-5.985767206977998,-11.461456899874513
-3.9510618939040025,9.221996296020993,-12.367962595802444
-6.827339575348031,-2.022061497369395,-4.720262928790249
-4.183905250851699,8.582148476718977,6.655454412551668
-10.53857756423041,-3.573970319228707,1.3581404968033572
-17.662172631793894,-4.020944434776455,3.104400469189992
-16.583437638496363,-14.415509179573107,-4.5871873698524785
-20.417954005788737,-10.047149295567579,-18.12527848813561
-20.748801008154317,-13.87174605892462,-25.52962956457381
-10.768409568361523,-15.807005000499101,-29.133093736699564
2.6559763618856227,-11.589815807349778,-25.0510487691781
-10.872617660315294,-0.28741475321116505,-12.651028378503703
-13.14123433891767,0.957952516566718,-8.32032769498165
-12.17511950833406,-3.432069504816119,-14.705127860678125
-5.03482827381395,-1.2717378247350832,-23.04952538066371
10.285639159441992,1.82528566867173,-6.682489201896836
12.747832983446724,-1.6421513594192199,-5.409364271979975
19.347161175679343,0.6167475727024698,-3.9178669922804135
9.552919636108467,13.0226984889003,4.738131686515144
10.93845940654165,13.541532764425437,13.559604938538177
9.065883133361854,7.465460385175136,23.199574843098368
1.897648026509037,4.289399103871978,9.936874838566837
4.749140644104924,15.333962445883081,-0.32456257176888936
3.194162664640393,17.6926960848591,5.368273072856765
2.626064765728798,3.7558670601030144,3.88090037767276
-7.140382606687707,3.1710478403619202,5.716905485690944
-13.604549824281982,2.314702269509501,-2.3812600967297337
-5.790467738618188,-1.6103640642535306,-15.852969151530504
-13.42338819565533,-4.020371306994186,-21.728323967051256
-11.29989721452542,-2.855066118841177,-16.89601382984837
0.9517859216299929,-1.681708482701318,-10.365333291976357
0.01916943105092145,-7.1174303595033335,-8.250388928145485
-0.1874110621546663,-1.7556480060529154,-5.0560827172004545
0.04314635846496817,10.471655911943207,-6.517191374848901
-1.2257133924712282,7.912984393541482,-5.824833885976592
6.779221621167913,-3.914470290108809,-6.800594794165649
1.3790298816568476,0.5071349135931487,4.616784212876228
-3.949313810841965,-6.231696650412771,2.6439173248714436
3.2907219626235324,-2.1486219999730567,10.159519933267475
9.548822115488226,2.3090884716305546,11.749521644258156
2.265102735836826,8.24556153898355,12.724713264206894
-4.024394549044189,9.0538210044167,4.291886043131432
11.12862239645012,-2.756475639027431,5.823303319955652
5.338920476894321,-7.346993133914718,11.449995623715948
0.6404037082679359,3.40062488125647,10.852899914143887
-2.387731627299618,-0.3720529617895878,6.411030102421794
2.702974452350248,-10.135743028775737,5.1458702430902115
0.39430837491827764,1.2837466141592313,9.20445613977774
1.4137377176518515,2.633796648394298,-3.7799368246209184
-2.7934899747478923,4.986967008541112,-2.489326700765707
-5.2484650454737185,0.9753368971085432,2.433527556255293
-7.344333883245908,1.1039146658609567,-12.602958422159949
-10.590682021164858,1.2945100782203407,-12.38130129597041
-9.525693920829564,-0.9245572058542422,-7.985959819214611
-11.979464055244293,-8.2268566925381,0.08380705171248337
-15.502413494573343,-4.331580760496497,-18.97008447571634
-16.289010908009637,2.1475749905319983,-9.541499605956052
-11.24789139495344,0.5683614852412462,-10.067640115470153
2.1787590053245784,0.6875525474436133,-6.232917026591357
0.4962410205546872,-6.489073358892821,-0.6357133465357092
1.564104646968989,-3.878215425164398,3.663509748566891
-8.960550863414788,-8.384966795955267,6.150974025373569
-3.349362538780566,-6.330038372241571,-6.429398147234451
-10.291948040160948,-10.143005438187696,-15.606961000094314
-4.331145390758614,0.2842717343139629,-4.645937947448074
-7.583844130076821,-5.4179827213169105,-10.627761665574724
-10.125281513886993,-5.076016799467252,-15.80989118939685
-2.2711058688585606,5.3176775665918585,-22.572237443018707
-2.0101113031191757,-0.8480521674213017,-21.316152234018542
-9.781965341399896,-8.486531497644949,-13.383106340321405
-11.512851094469687,-16.138269674720096,-17.15797487506705
-11.095218531320079,-13.016614983970785,-14.835078072097167
-15.07518084776704,-10.818299243988415,-12.180681158602102
-7.405568442847196,-16.763134254038267,-21.00448172016298
-9.291946462240421,-6.87837232788568,-3.2420404905299964
-2.052228834595521,-0.6878588228330544,-10.045990093105296
5.38817830134346,-6.401118267957614,-5.883186052821753
-5.096162849906967,-2.409830047491125,-5.9625727301942115
15.34386003449374,12.173930441790542,-1.52426897430143
9.090968460894327,6.951176509233646,11.690957341048188
9.77172884084819,13.16490661492367,9.775392897025235
16.23589213793357,16.337598228196708,12.89618267770563
7.506350625620227,7.255254252976195,23.68240787369918
5.993809658051361,7.468188163972279,19.208317011321817
-1.3483146017846241,-1.6666951155233054,14.890274159299537
14.935912005278432,5.540162209209477,6.125915057907567
20.803376453559622,5.648994055869672,16.651924380574478
18.078425988760408,0.7020987784869179,28.010178228997574
19.896202213205406,2.859802336389805,34.448444238863836
14.896862885707158,2.271158576893458,35.47402588896411
7.392422790240043,0.6435625750613219,30.05081830272786
2.474722337805161,2.6411253341603436,16.324305059048854
-6.22655310812025,-0.6087895437274422,-6.104041745466592
-6.502716617211124,-2.9101632067247936,-7.886431516274721
-8.73083600275886,-8.359585589045924,-6.620963047703092
-11.567301919039764,-2.7966329767892617,-6.172888942500337
-2.3643891132597776,1.1448693424330618,-9.549503412251442
0.7679292150863242,-5.342734992942211,4.222963092672954
-4.283553531496118,10.407057860794847,-8.553545716905617
0.8579585663346923,12.071147907792021,-11.177053489566827
-5.603162037747194,-4.8575551963620205,-7.507080061333236
-0.43543275434820705,3.336306247649275,-13.134952395811165
-6.5413702878931534,17.653716006966036,-9.953362056365751
4.473602623740841,5.722636807594102,0.21721505057209445
-2.612540999569969,5.296972396310738,6.935281987029711
-5.120111625180602,-3.6171478629299796,-2.68314155428002
-4.120670397755163,-12.309169797056754,-9.391282064233842
-11.374055558158247,-7.050777106651133,-1.6890332809172843
-5.162995283051238,-5.97770782879164,-14.038873589619993
1.5096648769834777,-0.8978497199061488,-11.868840905032677
6.50078977735196,7.013643933532601,1.4344175928861072
9.725727275468603,7.409159098897426,-0.2074809734344054
8.121988852257157,5.255220804523874,-1.8135069152787908
13.40130876791097,4.564605197142738,0.9190091577621518
12.151078696470197,11.698362625761924,21.676487830544936
7.798334010763881,5.592492015032315,19.281393521322386
-2.0855571379936286,-1.389958689347993,5.689396769310999
6.103457580535815,1.0608503826165974,3.7392199838199476
3.105415063312596,5.257479619255745,6.047558289742404
-1.938427849498598,-2.5470659787846914,9.125279159224672
1.1273391828547532,6.011353669841679,1.8514248272279399
3.4861739780148264,-2.9974811186864154,8.268718409855387
-7.930191938129838,2.823875560456493,9.545371864723819
-6.356684519682219,3.6531082368326793,2.390020150202858
-2.2173162625650558,-0.2551924742415861,-9.502848984775703
0.3928533540085344,-1.3646829869595245,-9.76264878531642
0.01186229635266045,-6.919925501104216,-1.152960236688135
-4.474970019698213,-0.13469979071163873,0.9184858153891295
6.4930898639905905,5.68142660300057,4.08771974168385
5.701120088782722,15.101220587472335,2.156197813763808
5.385112539949072,-2.3602590495053164,4.278663420652054
2.250219049733579,2.976166455332291,4.679556398874704
-4.477076376263659,9.715697922496723,9.258161207883468
1.6408641120605518,12.952007242176549,4.907251249624965
-5.242654509034521,4.3684641110346245,-6.808982230125172
-0.5032043107123094,-3.641072971672286,-11.886949653004244
-2.8074265171203496,-0.4855962146485977,-8.515319273669402
-3.7568561869450274,-0.13345032593691086,-3.824842061169547
-14.300168164667978,-5.911420058902467,-9.235683862968752
1.972939144618886,-1.4547237754502178,-12.393683563885746
3.3405555108879073,12.17459549269242,-4.456902564237215
5.381575290114981,0.6207681777212724,8.566977885180277
3.8970894038539803,18.068799183832922,6.392894892709509
3.0003770718104654,2.864969546066682,18.168803593394124
7.179521026436534,2.867840185430094,6.016946222718383
-7.7697918076136245,12.33711078913961,6.986366361812213
-1.784295007530153,-1.3471693931397573,1.0247332579216606
1.181319655933808,-1.818221709019047,4.973787440563113
-6.624256318339938,10.339259496207022,11.43545852987521
-0.8374735293274547,3.7295893662963238,-2.5151151911026557
8.927350987502706,-1.3813275274589163,-3.7239725893645335
10.116982210727805,-1.2168246901334245,-0.7644063165195805
3.7120580353595414,2.716290723293025,6.397924706255427
-3.8094047704778733,-0.6048212045374597,5.846298840353177
-1.9904054218976637,0.8621429622763279,-2.7479111911191354
-7.299316414716655,8.364449821482614,-4.911658236368472
-4.254709380475692,1.4468817378754644,3.4481965310278007
2.1487204740950414,-2.597021633558012,4.074849197402607
-6.794326868726348,-0.3027003137479187,-1.2374383577419183
-6.827519629046721,-5.369309915380288,-11.670083978444783
